{"model":{"version":3,"nodes":[{"name":"RootNode","position":[0,0,0],"rotation":[0,0,0],"scale":[1,1,1],"scaleCompensation":false},{"name":"obstacle-portal_small","position":[0,0,0],"rotation":[2.50448e-06,-0,0],"scale":[1,1,1],"scaleCompensation":false}],"parents":[-1,0],"skins":[],"morphs":[],"vertices":[{"position":{"type":"float32","components":3,"data":[-1.87861e-07,1.44491,0.714481,-0.124911,1.47955,0.714481,-4.86824e-07,1.9,1.24801,-0.868537,1.9,0.181599,-0.802423,2.36341,0.181599,-0.558056,2.22228,0.37281,-0.604035,1.9,0.37281,0.614149,1.04373,0.1816,0.231154,1.12194,0.37281,0.427117,1.3045,0.37281,0.332375,0.781235,0.1816,0.802424,2.36341,0.1816,0.427118,2.4955,0.37281,0.614149,2.75627,0.1816,0.558056,2.22228,0.37281,-0.558056,1.57772,0.37281,-0.802424,1.43659,0.181599,-0.231154,2.67806,0.37281,-0.332374,3.01877,0.1816,1.77852e-07,2.74217,0.37281,3.31901e-07,3.11094,0.1816,0.231154,2.67806,0.37281,0.332375,3.01877,0.1816,-0.231154,1.12194,0.37281,-0.614148,1.04373,0.1816,-0.427117,1.3045,0.37281,-0.332375,0.781235,0.1816,0.868537,1.9,0.1816,1.35487,1.9,8.04663e-07,1.32884,1.53147,7.7486e-07,-1.35487,1.9,-9.53674e-07,-1.32884,2.26853,-9.53674e-07,0.958041,0.564268,5.66244e-07,0.752728,0.329345,4.47035e-07,0.958041,3.23573,5.06639e-07,1.12654,2.94948,6.25849e-07,-1.25174,1.17711,-8.9407e-07,-1.32884,1.53147,-9.53674e-07,-0.518487,3.64522,-4.47035e-07,-0.264322,3.75272,-2.68221e-07,0.518489,3.64522,2.38419e-07,0.752728,3.47066,3.57628e-07,-0.518488,0.154782,-3.8743e-07,-0.752728,0.329345,-5.36442e-07,0.802424,1.43659,0.1816,1.25174,1.17711,7.45058e-07,1.12654,0.850522,6.55651e-07,0.30156,1.72585,0.714481,0.230804,1.57821,0.714481,0.12491,1.47956,0.714481,-0.230804,1.57821,0.714481,0.326407,1.9,0.714482,0.30156,2.07416,0.714482,0.230804,2.2218,0.714481,0.30156,1.72585,0.714481,0.558056,1.57772,0.37281,0.230804,1.57821,0.714481,2.37568e-08,1.05783,0.37281,1.20173e-07,0.689057,0.1816,1.77852e-07,2.74217,0.37281,3.31901e-07,3.11094,0.1816,-0.614148,2.75627,0.1816,-0.427117,2.4955,0.37281,0.604035,1.9,0.37281,1.7924e-07,0.0109892,-2.98023e-08,-0.264323,0.047286,-2.38419e-07,5.09525e-07,3.78901,-1.19209e-07,0.264323,3.75272,5.96046e-08,-0.95804,3.23573,-7.45058e-07,-0.752727,3.47066,-6.25849e-07,-0.958041,0.564268,-6.85453e-07,-1.12654,0.850523,-8.04663e-07,1.25174,2.62289,7.15256e-07,1.32884,2.26853,7.7486e-07,0.518488,0.154782,2.68221e-07,0.264323,0.047286,1.19209e-07,-1.25174,2.62289,-8.9407e-07,-1.12654,2.94948,-8.34465e-07,-0.301561,1.72585,0.714481,-0.326407,1.9,0.714481,-0.301561,2.07416,0.714481,-0.230804,2.2218,0.714481,-0.12491,2.32045,0.714481,-6.28843e-08,2.35509,0.714481,0.12491,2.32045,0.714481,-0.124911,1.47955,0.714481,-0.230804,1.57821,0.714481,-0.301561,2.07416,0.714481,-0.230804,2.2218,0.714481,0.12491,2.32045,0.714481,0.230804,2.2218,0.714481,-1.87861e-07,1.44491,0.714481,0.12491,1.47956,0.714481,-0.12491,2.32045,0.714481,0.30156,2.07416,0.714482,0.326407,1.9,0.714482,-0.301561,1.72585,0.714481,-0.326407,1.9,0.714481,-6.28843e-08,2.35509,0.714481,5.09525e-07,3.78901,-1.19209e-07]},"normal":{"type":"float32","components":3,"data":[9.60701e-08,0.70703,-0.707184,0.360457,0.634485,-0.683739,6.96231e-07,5.12825e-07,-1,0.457457,-1.67011e-08,-0.889232,0.423987,-0.129041,-0.896428,0.638575,-0.191794,-0.745277,0.680555,8.10554e-08,-0.732697,-0.326387,0.239983,-0.914265,-0.284694,0.501134,-0.817199,-0.507405,0.368877,-0.778762,-0.176756,0.314214,-0.932752,-0.423986,-0.129041,-0.896429,-0.507405,-0.368877,-0.778762,-0.326387,-0.239983,-0.914265,-0.638574,-0.191794,-0.745277,0.638575,0.191794,-0.745277,0.423987,0.129041,-0.896428,0.284695,-0.501134,-0.817198,0.176757,-0.314214,-0.932752,8.16879e-07,-0.550671,-0.834722,6.57128e-07,-0.339586,-0.940575,-0.284694,-0.501134,-0.817199,-0.176756,-0.314214,-0.932752,0.284695,0.501134,-0.817198,0.326389,0.239983,-0.914264,0.507406,0.368877,-0.778761,0.176757,0.314214,-0.932752,-0.457456,7.03831e-08,-0.889232,-0.349811,-2.22882e-08,-0.93682,-0.34033,0.0502832,-0.938961,0.349812,-6.19117e-09,-0.93682,0.340331,-0.0502832,-0.93896,-0.246044,0.183965,-0.95164,-0.192073,0.214529,-0.957646,-0.246044,-0.183965,-0.95164,-0.288387,-0.143377,-0.946719,0.322726,0.0998793,-0.941208,0.340331,0.0502831,-0.93896,0.13237,-0.239496,-0.961832,0.0671147,-0.25258,-0.965246,-0.132368,-0.239496,-0.961832,-0.192073,-0.214529,-0.957646,0.13237,0.239496,-0.961832,0.192074,0.214529,-0.957645,-0.423986,0.129041,-0.896429,-0.322725,0.0998793,-0.941208,-0.288387,0.143377,-0.946719,-0.769822,0.231256,-0.59489,-0.624911,0.454281,-0.634913,-0.360457,0.634485,-0.683739,0.624913,0.45428,-0.634912,-0.814352,2.28588e-07,-0.580371,-0.769822,-0.231256,-0.59489,-0.624912,-0.454281,-0.634913,-0.769822,0.231256,-0.59489,-0.638574,0.191794,-0.745277,-0.624911,0.454281,-0.634913,4.99204e-07,0.550671,-0.834722,5.8332e-07,0.339586,-0.940575,8.16879e-07,-0.550671,-0.834722,6.57128e-07,-0.339586,-0.940575,0.326388,-0.239983,-0.914264,0.507405,-0.368877,-0.778761,-0.680553,7.39035e-08,-0.732698,6.51494e-07,0.258702,-0.965957,0.0671148,0.25258,-0.965246,5.93209e-07,-0.258703,-0.965957,-0.0671134,-0.25258,-0.965246,0.246045,-0.183965,-0.95164,0.192074,-0.214529,-0.957645,0.246045,0.183965,-0.95164,0.288388,0.143377,-0.946718,-0.322725,-0.0998792,-0.941208,-0.34033,-0.0502831,-0.938961,-0.132368,0.239496,-0.961832,-0.0671136,0.25258,-0.965246,0.322726,-0.0998793,-0.941208,0.288388,-0.143377,-0.946718,0.769823,0.231255,-0.594889,0.814353,1.30962e-07,-0.58037,0.769823,-0.231256,-0.594889,0.624912,-0.454281,-0.634912,0.360457,-0.634485,-0.683739,9.94326e-07,-0.70703,-0.707183,-0.360456,-0.634485,-0.68374,0.360457,0.634485,-0.683739,0.624913,0.45428,-0.634912,0.769823,-0.231256,-0.594889,0.624912,-0.454281,-0.634912,-0.360456,-0.634485,-0.68374,-0.624912,-0.454281,-0.634913,9.60701e-08,0.70703,-0.707184,-0.360457,0.634485,-0.683739,0.360457,-0.634485,-0.683739,-0.769822,-0.231256,-0.59489,-0.814352,2.28588e-07,-0.580371,0.769823,0.231255,-0.594889,0.814353,1.30962e-07,-0.58037,9.94326e-07,-0.70703,-0.707183,5.93209e-07,-0.258703,-0.965957]},"texCoord0":{"type":"float32","components":2,"data":[0.502105,0.361393,0.541546,0.372117,0.502106,0.502283,0.776345,0.502283,0.75547,0.645748,0.678311,0.602057,0.692829,0.502283,0.308188,0.237192,0.429119,0.261404,0.367244,0.317922,0.397158,0.155925,0.248741,0.645748,0.367244,0.686642,0.308188,0.767372,0.3259,0.602057,0.678311,0.402507,0.75547,0.358817,0.575092,0.74316,0.607053,0.848639,0.502105,0.763007,0.502105,0.877177,0.429119,0.743161,0.397158,0.848639,0.575092,0.261404,0.696022,0.237192,0.636967,0.317922,0.607053,0.155925,0.227866,0.502283,0.145157,0.502283,0.152016,0.407086,0.859054,0.502283,0.852195,0.597478,0.249705,0.157244,0.303796,0.0965596,0.249705,0.847321,0.205314,0.773378,0.831883,0.315549,0.852195,0.407086,0.638703,0.953097,0.571743,0.980865,0.365507,0.953097,0.303796,0.908005,0.638703,0.0514675,0.700415,0.0965596,0.248741,0.358817,0.172329,0.315549,0.205314,0.231187,0.406888,0.448366,0.429229,0.402658,0.462665,0.372117,0.574982,0.402658,0.399043,0.502283,0.406888,0.556198,0.429229,0.601907,0.406888,0.448366,0.3259,0.402507,0.429229,0.402658,0.502105,0.241558,0.502105,0.127388,0.502105,0.763007,0.502105,0.877177,0.696022,0.767372,0.636967,0.686642,0.311382,0.502283,0.502105,0.0143236,0.571743,0.0236998,0.502105,0.990241,0.432468,0.980865,0.754506,0.847321,0.700415,0.908005,0.754506,0.157244,0.798897,0.231187,0.172329,0.689016,0.152016,0.597478,0.365507,0.0514675,0.432468,0.0236998,0.831883,0.689016,0.798897,0.773378,0.597323,0.448366,0.605168,0.502283,0.597323,0.556198,0.574982,0.601907,0.541546,0.632447,0.502105,0.643172,0.462665,0.632447,0.541546,0.372117,0.574982,0.402658,0.597323,0.556198,0.574982,0.601907,0.462665,0.632447,0.429229,0.601907,0.502105,0.361393,0.462665,0.372117,0.541546,0.632447,0.406888,0.556198,0.399043,0.502283,0.597323,0.448366,0.605168,0.502283,0.502105,0.643172,0.502105,0.990241]},"texCoord1":{"type":"float32","components":2,