{"model":{"version":3,"nodes":[{"name":"RootNode","position":[0,0,0],"rotation":[0,0,0],"scale":[1,1,1],"scaleCompensation":false},{"name":"obstacle-portal_large","position":[0,0,0],"rotation":[2.50448e-06,-0,0],"scale":[1,1,1],"scaleCompensation":false}],"parents":[-1,0],"skins":[],"morphs":[],"vertices":[{"position":{"type":"float32","components":3,"data":[8.6901e-07,3.27318,1.54543,0.46725,3.22194,1.54543,1.40949e-06,2.6,2.69946,2.2595,2.6,0.806388,3.00161,1.91451,0.392799,2.08751,2.12327,0.806389,3.24892,2.6,0.392799,-1.59771,3.48089,0.806392,-1.24331,4.25492,0.392803,-0.864673,3.75093,0.806391,-2.29733,3.86662,0.392804,-1.59771,1.71911,0.806392,-2.29733,1.33338,0.392804,-2.08751,2.12327,0.806393,-3.00161,1.91451,0.392805,3.00161,3.28549,0.392799,2.08751,3.07673,0.806388,1.95355e-07,0.80873,0.392802,0.864674,1.44907,0.80639,1.24331,0.945083,0.392801,3.90578e-07,1.35424,0.806391,-1.24331,0.945083,0.392803,-0.864673,1.44907,0.806391,1.24331,4.25492,0.392801,1.59771,3.48089,0.806389,0.864674,3.75093,0.80639,2.29733,3.86662,0.3928,-3.24892,2.6,0.392805,-5.06815,2.6,4.67545e-06,-4.97077,3.14514,4.54832e-06,5.06815,2.6,-4.90275e-06,4.97077,2.05486,-4.77562e-06,-3.58372,4.57586,3.14552e-06,-2.81571,4.92337,2.39741e-06,-3.58372,0.624138,3.39999e-06,-4.21401,1.04757,3.96831e-06,4.68236,3.66933,-4.60706e-06,4.97077,3.14514,-4.84583e-06,1.9395,0.0184115,-1.78011e-06,0.988747,-0.1406,-8.71472e-07,-1.9395,0.0184115,1.8853e-06,-2.81571,0.276632,2.69665e-06,1.9395,5.18159,-2.1126e-06,2.81571,4.92337,-2.92395e-06,-3.00161,3.28549,0.392805,-4.68236,3.66933,4.24204e-06,-4.21401,4.15243,3.76837e-06,-1.12804,2.85761,1.54543,-0.863364,3.07601,1.54543,-0.467249,3.22194,1.54543,0.863366,3.07601,1.54543,-1.22098,2.6,1.54543,-1.12804,2.34239,1.54543,-0.863364,2.12399,1.54543,-1.12804,2.85761,1.54543,-2.08751,3.07673,0.806392,-0.863364,3.07601,1.54543,1.95355e-07,4.39127,0.392802,4.16188e-07,3.84576,0.80639,1.95355e-07,0.80873,0.392802,3.90578e-07,1.35424,0.806391,1.59771,1.71911,0.806389,2.29733,1.33338,0.3928,-2.2595,2.6,0.806393,-2.87455e-14,5.39429,-2.93591e-07,0.988747,5.3406,-1.22444e-06,2.87455e-14,-0.194291,6.62916e-08,-0.988747,-0.1406,9.97141e-07,3.58372,0.624138,-3.37282e-06,2.81571,0.276632,-2.62471e-06,3.58372,4.57586,-3.62729e-06,4.21401,4.15243,-4.19561e-06,-4.68236,1.53067,4.37976e-06,-4.97077,2.05486,4.61853e-06,-1.9395,5.18159,1.55281e-06,-0.988747,5.3406,6.44173e-07,4.68236,1.53067,-4.46934e-06,4.21401,1.04757,-3.99567e-06,1.12804,2.85761,1.54543,1.22098,2.6,1.54543,1.12804,2.34239,1.54543,0.863366,2.12399,1.54543,0.46725,1.97806,1.54543,6.99158e-07,1.92682,1.54543,-0.467249,1.97806,1.54543,0.46725,3.22194,1.54543,0.863366,3.07601,1.54543,1.12804,2.34239,1.54543,0.863366,2.12399,1.54543,-0.467249,1.97806,1.54543,-0.863364,2.12399,1.54543,-0.467249,3.22194,1.54543,8.6901e-07,3.27318,1.54543,0.46725,1.97806,1.54543,-1.22098,2.6,1.54543,-1.12804,2.34239,1.54543,1.12804,2.85761,1.54543,1.22098,2.6,1.54543,6.99158e-07,1.92682,1.54543,2.87455e-14,-0.194291,6.62916e-08]},"normal":{"type":"float32","components":3,"data":[-3.70883e-07,-0.827489,-0.561482,-0.183758,-0.791707,-0.58261,-1.85881e-07,6.31666e-07,-1,-0.466691,-3.34763e-07,-0.884421,-0.257552,0.184261,-0.948533,-0.422588,0.30709,-0.85271,-0.275794,-9.16092e-08,-0.961217,0.303623,-0.537456,-0.786736,0.105735,-0.443256,-0.890137,0.153669,-0.661548,-0.733989,0.197337,-0.342496,-0.918561,0.303623,0.537456,-0.786736,0.197337,0.342496,-0.918561,0.422587,0.307091,-0.852711,0.25755,0.184261,-0.948533,-0.257552,-0.184261,-0.948533,-0.422588,-0.307091,-0.85271,-8.21339e-07,0.477221,-0.878783,-0.153671,0.661548,-0.733989,-0.105736,0.443256,-0.890137,-7.08018e-07,0.698742,-0.715374,0.105735,0.443256,-0.890137,0.153669,0.661548,-0.733989,-0.105736,-0.443256,-0.890137,-0.303624,-0.537456,-0.786736,-0.153671,-0.661548,-0.733988,-0.197339,-0.342496,-0.918561,0.275793,-5.66609e-08,-0.961217,0.211052,-1.41327e-07,-0.977475,0.206427,-0.0685012,-0.976061,-0.211054,-4.9331e-08,-0.977474,-0.206429,0.0685012,-0.976061,0.151051,-0.254981,-0.955075,0.11764,-0.299912,-0.946686,0.151051,0.254981,-0.955075,0.17592,0.198548,-0.964174,-0.195953,-0.135809,-0.971163,-0.206429,-0.0685013,-0.976061,-0.0823927,0.335836,-0.93831,-0.0411545,0.354178,-0.934272,0.0823909,0.335836,-0.93831,0.11764,0.299912,-0.946686,-0.0823928,-0.335836,-0.93831,-0.117641,-0.299912,-0.946685,0.25755,-0.184261,-0.948533,0.195951,-0.135809,-0.971164,0.17592,-0.198548,-0.964174,0.549634,-0.399994,-0.733422,0.375107,-0.665128,-0.645678,0.183757,-0.791707,-0.58261,-0.375108,-0.665127,-0.645678,0.625659,-2.94423e-07,-0.780097,0.549634,0.399994,-0.733422,0.375107,0.665127,-0.645678,0.549634,-0.399994,-0.733422,0.422587,-0.307091,-0.852711,0.375107,-0.665128,-0.645678,-8.29696e-07,-0.477221,-0.878783,-6.36502e-07,-0.698742,-0.715374,-8.21339e-07,0.477221,-0.878783,-7.08018e-07,0.698742,-0.715374,-0.303624,0.537456,-0.786736,-0.197339,0.342496,-0.918561,0.466689,-8.60818e-08,-0.884421,-8.93342e-07,-0.364653,-0.931143,-0.0411544,-0.354178,-0.934272,-8.68833e-07,0.364653,-0.931143,0.0411527,0.354178,-0.934272,-0.151053,0.254981,-0.955075,-0.117642,0.299912,-0.946685,-0.151053,-0.254981,-0.955075,-0.175922,-0.198548,-0.964173,0.195951,0.135809,-0.971164,0.206427,0.0685011,-0.976061,0.082391,-0.335836,-0.93831,0.0411526,-0.354178,-0.934272,-0.195953,0.135809,-0.971163,-0.175922,0.198548,-0.964173,-0.549635,-0.399994,-0.733421,-0.62566,-6.99858e-07,-0.780096,-0.549635,0.399994,-0.733421,-0.375108,0.665128,-0.645678,-0.183758,0.791707,-0.58261,-6.89463e-07,0.827489,-0.561482,0.183757,0.791706,-0.58261,-0.183758,-0.791707,-0.58261,-0.375108,-0.665127,-0.645678,-0.549635,0.399994,-0.733421,-0.375108,0.665128,-0.645678,0.183757,0.791706,-0.58261,0.375107,0.665127,-0.645678,0.183757,-0.791707,-0.58261,-3.70883e-07,-0.827489,-0.561482,-0.183758,0.791707,-0.58261,0.625659,-2.94423e-07,-0.780097,0.549634,0.399994,-0.733422,-0.549635,-0.399994,-0.733421,-0.62566,-6.99858e-07,-0.780096,-6.89463e-07,0.827489,-0.561482,-8.68833e-07,0.364653,-0.931143]},"texCoord0":{"type":"float32","components":2,"data":[0.499559,0.594845,0.442442,0.587564,0.499559,0.499198,0.223356,0.499198,0.13264,0.401803,0.24438,0.431464,0.102408,0.499198,0.694864,0.624356,0.651542,0.734331,0.605257,0.662725,0.780387,0.679161,0.694864,0.374041,0.780387,0.319236,0.754738,0.431464,0.866478,0.401803,0.13264,0.596594,0.24438,0.566933,0.499559,0.244693,0.39386,0.335672,0.347576,0.264066,0.499559,0.322199,0.651542,0.264066,0.605257,0.335672,0.347576,0.734331,0.304254,0.624356,0.39386,0.662725,0.218731,0.679161,0.89671,0.499198,0.994303,0.499198,0.984796,0.561051,0.00481528,0.499198,0.0143217,0.437346,0.849395,0.723384,0.774424,0.762813,0.849395,0.275013,0.910923,0.323057,0.0424754,0.620527,0.0143217,0.561051,0.310229,0.206286,0.403039,0.188244,0.688889,0.206286,0.774424,0.235584,0.310229,0.792111,0.224694,0.762813,0.866478,0.596594,0.956642,0.620527,0.910923,0.67534,0.637452,0.535801,0.605097,0.56683,0.556676,0.587564,0.39402,0.56683,0.648813,0.499198,0.637452,0.462596,0.605097,0.431566,0.637452,0.535801,0.754738,0.566933,0.605097,0.56683,0.499559,0.753704,0.499559,0.676198,0.499559,0.244693,0.499559,0.322199,0.304254,0.374041,0.218731,0.319236,0.775762,0.499198,0.499559,0.816245,0.403039,0.810153,0.499559,0.182152,0.596079,0.188244,0.149722,0.275013,0.224694,0.235584,0.149722,0.723384,0.0881946,0.67534,0.956642,0.37787,0.984796,0.437346,0.688889,0.792111,0.596079,0.810153,0.0424754,0.37787,0.0881946,0.323057,0.361666,0.535801,0.350305,0.499198,0.361666,0.462596,0.39402,0.431566,0.442442,0.410833,0.499559,0.403552,0.556676,0.410833,0.442442,0.587564,0.39402,0.56683,0.361666,0.462596,0.39402,0.431566,0.556676,0.410833,0.605097,0.431566,0.556676,0.587564,0.499559,0.594845,0.442442,0.410833,0.648813,0.499198,0.637452,0.462596,0.361666,0.535801,0.350305,0.499198,0.499559,0.403552,0.499559,0.182152]},"texCoord1":{"type":"float32","components":2,